chr21	165942	166617	CLDN17_1	0	0
chr21	215247	215925	CLDN8_1	0	0
chr21	282167	282932	KRTAP24-1_1	0	0
chr21	289181	289490	KRTAP25-1_1	0	0
chr21	319402	320035	KRTAP26-1_1	0	0
chr21	337044	337668	KRTAP27-1_1	0	0
chr21	348408	348606	KRTAP23-1_1	0	0
chr21	371685	372213	KRTAP13-2_1	0	0
chr21	396086	396605	KRTAP13-1_1	0	0
chr21	425393	425912	KRTAP13-3_1	0	0
chr21	430275	430758	KRTAP13-4_1	0	0
chr21	440327	440741	KRTAP15-1_1	0	0
chr21	480044	480317	KRTAP19-1_1	0	0
chr21	487189	487348	KRTAP19-2_1	0	0
chr21	491711	491957	KRTAP19-3_1	0	0
chr21	496855	497110	KRTAP19-4_1	0	0
chr21	501871	502090	KRTAP19-5_1	0	0
chr21	541656	541833	KRTAP19-6_1	0	0
chr21	561097	561289	KRTAP19-7_1	0	0
chr21	590236	590374	KRTAP22-2_1	0	0
chr21	592445	592778	KRTAP6-3_1	0	0
chr21	598685	598874	KRTAP6-2_1	0	0
chr21	601120	601267	KRTAP22-1_1	0	0
chr21	613688	613904	KRTAP6-1_1	0	0
chr21	616454	616625	KRTAP20-1_1	0	0
chr21	620657	620792	KRTAP20-4_1	0	0
chr21	635263	635461	KRTAP20-2_1	0	0
chr21	642888	643023	KRTAP20-3_1	0	0
chr21	718582	718759	KRTAP21-3_1	0	0
chr21	746950	747202	KRTAP21-2_1	0	0
chr21	755138	755378	KRTAP21-1_1	0	0
chr21	813028	813220	KRTAP8-1_1	0	0
chr21	829434	829698	KRTAP7-1_1	0	0
chr21	881032	881524	KRTAP11-1_1	0	0
chr21	1038251	1038443	KRTAP19-8_1	0	0
chr21	1120367	1120837	TIAM1_13-TIAM1_24-TIAM1_28-TIAM1_29	0	0
chr21	1124521	1124694	TIAM1_12-TIAM1_23-TIAM1_27-TIAM1_28	0	0
chr21	1127064	1127152	TIAM1_11-TIAM1_22-TIAM1_26-TIAM1_27	0	0
chr21	1130212	1130315	TIAM1_10-TIAM1_21-TIAM1_25-TIAM1_26	0	0
chr21	1130889	1130948	TIAM1_20-TIAM1_24-TIAM1_25-TIAM1_9	0	0
chr21	1135932	1136041	TIAM1_19-TIAM1_23-TIAM1_24-TIAM1_8	0	0
chr21	1141117	1141236	TIAM1_18-TIAM1_22-TIAM1_23-TIAM1_7	0	0
chr21	1141324	1141504	TIAM1_17-TIAM1_21-TIAM1_22-TIAM1_6	0	0
chr21	1146894	1147003	TIAM1_16-TIAM1_20-TIAM1_21-TIAM1_5	0	0
chr21	1152635	1152761	TIAM1_15-TIAM1_19-TIAM1_20-TIAM1_4	0	0
chr21	1153065	1153134	TIAM1_14-TIAM1_18-TIAM1_19-TIAM1_3	0	0
chr21	1154246	1154426	TIAM1_13-TIAM1_17-TIAM1_18-TIAM1_2	0	0
chr21	1160444	1160534	TIAM1_1	0	0
chr21	1164961	1165065	TIAM1_12-TIAM1_16-TIAM1_17	0	0
chr21	1182420	1182645	TIAM1_11-TIAM1_15-TIAM1_16	0	0
chr21	1187000	1187087	TIAM1_10-TIAM1_14-TIAM1_15	0	0
chr21	1195223	1195305	TIAM1_13-TIAM1_14-TIAM1_9	0	0
chr21	1202907	1203012	TIAM1_12-TIAM1_13	0	0
chr21	1210044	1210215	TIAM1_11-TIAM1_12-TIAM1_8	0	0
chr21	1213397	1213472	TIAM1_10-TIAM1_11	0	0
chr21	1217552	1217699	TIAM1_10-TIAM1_7-TIAM1_9	0	0
chr21	1223405	1223591	TIAM1_6-TIAM1_8-TIAM1_9	0	0
chr21	1225725	1225950	TIAM1_5-TIAM1_7-TIAM1_8	0	0
chr21	1245487	1245660	TIAM1_4-TIAM1_6-TIAM1_7	0	0
chr21	1251741	1252189	TIAM1_3-TIAM1_5-TIAM1_6	0	0
chr21	1266009	1266972	TIAM1_2-TIAM1_4-TIAM1_5	0	0
chr21	1659769	1659841	SOD1_1	0	0
chr21	1663789	1663886	SOD1_2	0	0
chr21	1666448	1666518	SOD1_3	0	0
chr21	1667257	1667375	SOD1_4	0	0
chr21	1668470	1668578	SOD1_5	0	0
chr21	1671398	1672354	SCAF4_19-SCAF4_20	0	0
chr21	1685048	1685240	SCAF4_18-SCAF4_19	0	0
chr21	1685397	1685484	SCAF4_17-SCAF4_18	0	0
chr21	1685567	1685733	SCAF4_16-SCAF4_17	0	0
chr21	1688306	1688464	SCAF4_15-SCAF4_16	0	0
chr21	1690796	1690953	SCAF4_14-SCAF4_15	0	0
chr21	1691816	1691930	SCAF4_13-SCAF4_14	0	0
chr21	1692348	1692449	SCAF4_12-SCAF4_13	0	0
chr21	1693293	1693484	SCAF4_11-SCAF4_12	0	0
chr21	1694203	1694289	SCAF4_10-SCAF4_11	0	0
chr21	1694812	1694980	SCAF4_10-SCAF4_9	0	0
chr21	1696112	1696221	SCAF4_8-SCAF4_9	0	0
chr21	1696568	1696750	SCAF4_7-SCAF4_8	0	0
chr21	1700994	1701171	SCAF4_6-SCAF4_7	0	0
chr21	1701775	1701918	SCAF4_5-SCAF4_6	0	0
chr21	1702243	1702379	SCAF4_4-SCAF4_5	0	0
chr21	1703764	1703926	SCAF4_3-SCAF4_4	0	0
chr21	1705422	1705467	SCAF4_3	0	0
chr21	1706273	1706357	SCAF4_2	0	0
chr21	1731662	1731692	SCAF4_1	0	0
chr21	1873674	1873935	HUNK_1	0	0
chr21	1924467	1924760	HUNK_2	0	0
chr21	1940164	1940220	HUNK_3	0	0
chr21	1946035	1946171	HUNK_4	0	0
chr21	1958842	1958970	HUNK_5	0	0
chr21	1968249	1968385	HUNK_6	0	0
chr21	1974554	1974717	HUNK_7	0	0
chr21	1983525	1983609	HUNK_8	0	0
chr21	1990128	1990176	HUNK_9	0	0
chr21	1995767	1995948	HUNK_10	0	0
chr21	1998525	1999184	HUNK_11	0	0
chr21	2269036	2269117	MIS18A_5	0	0
chr21	2269706	2269803	MIS18A_4	0	0
chr21	2270406	2270529	MIS18A_3	0	0
chr21	2274829	2274896	MIS18A_2	0	0
chr21	2278680	2279014	MIS18A_1	0	0
chr21	2298971	2299077	MRAP_1-MRAP_3	0	0
chr21	2306639	2306739	MRAP_2-MRAP_4	0	0
chr21	2311683	2311996	MRAP_3-MRAP_5	0	0
chr21	2314550	2314653	MRAP_3	0	0
chr21	2314917	2315099	URB1_39	0	0
chr21	2316465	2317065	URB1_38	0	0
chr21	2317675	2317917	URB1_37	0	0
chr21	2319216	2319414	URB1_36	0	0
chr21	2320530	2320640	URB1_35	0	0
chr21	2321800	2321944	URB1_34	0	0
chr21	2322477	2322584	URB1_33	0	0
chr21	2324490	2324602	URB1_32	0	0
chr21	2325228	2325389	URB1_31	0	0
chr21	2333316	2333419	URB1_30	0	0
chr21	2334162	2334334	URB1_29	0	0
chr21	2337093	2337157	URB1_28	0	0
chr21	2337403	2337514	URB1_27	0	0
chr21	2338706	2338900	URB1_26	0	0
chr21	2341465	2341524	URB1_25	0	0
chr21	2344569	2344756	URB1_24	0	0
chr21	2345373	2345575	URB1_23	0	0
chr21	2346955	2347811	URB1_22	0	0
chr21	2349303	2349483	URB1_21	0	0
chr21	2350703	2350922	URB1_20	0	0
chr21	2352709	2352906	URB1_19	0	0
chr21	2353932	2354103	URB1_18	0	0
chr21	2354858	2354997	URB1_17	0	0
chr21	2355448	2355565	URB1_16	0	0
chr21	2357536	2357656	URB1_15	0	0
chr21	2359795	2359908	URB1_14	0	0
chr21	2361006	2361123	URB1_13	0	0
chr21	2361891	2362021	URB1_12	0	0
chr21	2363155	2363329	URB1_11	0	0
chr21	2366617	2366755	URB1_10	0	0
chr21	2368402	2368598	URB1_9	0	0
chr21	2372506	2372631	URB1_8	0	0
chr21	2373646	2373772	URB1_7	0	0
chr21	2375397	2375483	URB1_6	0	0
chr21	2378444	2378541	URB1_5	0	0
chr21	2383421	2383554	URB1_4	0	0
chr21	2384312	2384464	URB1_3	0	0
chr21	2385544	2385684	URB1_2	0	0
chr21	2392768	2392910	URB1_1	0	0
chr21	2412853	2413013	EVA1C_1	0	0
chr21	2453311	2453508	EVA1C_2	0	0
chr21	2457596	2457720	EVA1C_3	0	0
chr21	2467695	2467848	EVA1C_4	0	0
chr21	2495026	2495170	EVA1C_5	0	0
chr21	2501414	2501495	EVA1C_5-EVA1C_6	0	0
chr21	2503925	2504015	EVA1C_6-EVA1C_7	0	0
chr21	2514813	2515190	EVA1C_7-EVA1C_8	0	0
chr21	2567977	2568079	CFAP298-TCP10L_8	0	0
chr21	2576773	2576923	CFAP298-TCP10L_7-CFAP298-TCP10L_8-TCP10L_4-TCP10L_5-TCP10L_6	0	0
chr21	2578666	2578831	CFAP298-TCP10L_6-CFAP298-TCP10L_7-TCP10L_3-TCP10L_4-TCP10L_5	0	0
chr21	2582199	2582415	CFAP298-TCP10L_6-TCP10L_2-TCP10L_3-TCP10L_4	0	0
chr21	2584160	2584304	TCP10L_2-TCP10L_3	0	0
chr21	2601862	2601973	CFAP298_6-CFAP298_7	0	0
chr21	2602271	2602367	CFAP298_6	0	0
chr21	2603088	2603292	CFAP298-TCP10L_5-CFAP298_5	0	0
chr21	2604124	2604283	CFAP298-TCP10L_4-CFAP298_4	0	0
chr21	2607648	2607716	CFAP298-TCP10L_3-CFAP298_3	0	0
chr21	2609837	2610005	CFAP298-TCP10L_2-CFAP298_2	0	0
chr21	2612104	2612243	CFAP298-TCP10L_1-CFAP298_1	0	0
chr21	2630994	2631801	SYNJ1_28-SYNJ1_32	0	0
chr21	2634863	2634884	SYNJ1_28-SYNJ1_31-SYNJ1_32	0	0
chr21	2638907	2639125	SYNJ1_27-SYNJ1_30-SYNJ1_31	0	0
chr21	2639670	2639779	SYNJ1_26-SYNJ1_29-SYNJ1_30	0	0
chr21	2641895	2641966	SYNJ1_25-SYNJ1_28-SYNJ1_29	0	0
chr21	2642094	2642133	SYNJ1_27-SYNJ1_28	0	0
chr21	2643409	2643457	SYNJ1_27	0	0
chr21	2644967	2645006	SYNJ1_26	0	0
chr21	2645645	2645789	SYNJ1_24-SYNJ1_25	0	0
chr21	2646392	2646602	SYNJ1_23-SYNJ1_24	0	0
chr21	2650183	2650346	SYNJ1_22-SYNJ1_23	0	0
chr21	2653287	2653366	SYNJ1_21-SYNJ1_22	0	0
chr21	2656686	2656902	SYNJ1_20-SYNJ1_21	0	0
chr21	2657002	2657120	SYNJ1_19-SYNJ1_20	0	0
chr21	2657715	2657872	SYNJ1_18-SYNJ1_19	0	0
chr21	2664912	2665071	SYNJ1_17-SYNJ1_18	0	0
chr21	2665942	2666135	SYNJ1_16-SYNJ1_17	0	0
chr21	2666432	2666573	SYNJ1_15-SYNJ1_16	0	0
chr21	2670287	2670372	SYNJ1_14-SYNJ1_15	0	0
chr21	2673339	2673531	SYNJ1_13-SYNJ1_14	0	0
chr21	2676331	2676355	SYNJ1_13	0	0
chr21	2678644	2678810	SYNJ1_12	0	0
chr21	2681495	2681648	SYNJ1_11	0	0
chr21	2684037	2684119	SYNJ1_10	0	0
chr21	2685747	2685917	SYNJ1_9	0	0
chr21	2686977	2687074	SYNJ1_8	0	0
chr21	2688305	2688367	SYNJ1_7	0	0
chr21	2694227	2694311	SYNJ1_6	0	0
chr21	2695056	2695282	SYNJ1_5	0	0
chr21	2699837	2700105	SYNJ1_4	0	0
chr21	2701960	2702047	SYNJ1_3	0	0
chr21	2726771	2726917	SYNJ1_2	0	0
chr21	2727945	2728040	SYNJ1_1	0	0
chr21	2734949	2735067	PAXBP1_18	0	0
chr21	2737253	2737408	PAXBP1_17	0	0
chr21	2738172	2738319	PAXBP1_16	0	0
chr21	2741508	2741622	PAXBP1_16	0	0
chr21	2743247	2743314	PAXBP1_15	0	0
chr21	2743677	2743754	PAXBP1_14	0	0
chr21	2744791	2744913	PAXBP1_13	0	0
chr21	2745573	2745718	PAXBP1_12	0	0
chr21	2748498	2748698	PAXBP1_11	0	0
chr21	2750916	2751032	PAXBP1_10	0	0
chr21	2751118	2751218	PAXBP1_9	0	0
chr21	2755229	2755353	PAXBP1_8	0	0
chr21	2759079	2759269	PAXBP1_7	0	0
chr21	2759776	2759994	PAXBP1_6	0	0
chr21	2761058	2761162	PAXBP1_5	0	0
chr21	2762095	2762317	PAXBP1_4	0	0
chr21	2764347	2764524	PAXBP1_3	0	0
chr21	2769813	2769942	PAXBP1_2	0	0
chr21	2771325	2771668	PAXBP1_1	0	0
chr21	2793761	2794421	C21orf62_2-C21orf62_3-C21orf62_4	0	0
chr21	3026862	3027834	OLIG2_1-OLIG2_2	0	0
chr21	3070246	3071062	OLIG1_1	0	0
chr21	3241922	3241977	ENSG00000249624_2-IFNAR2_2	0	0
chr21	3243672	3243714	ENSG00000249624_3-IFNAR2_3	0	0
chr21	3244950	3245074	ENSG00000249624_4-IFNAR2_2-IFNAR2_4	0	0
chr21	3246717	3246890	ENSG00000249624_5-IFNAR2_3-IFNAR2_5	0	0
chr21	3248708	3248854	ENSG00000249624_6-IFNAR2_4-IFNAR2_6	0	0
chr21	3252661	3252830	ENSG00000249624_7-IFNAR2_5-IFNAR2_7	0	0
chr21	3260596	3260727	ENSG00000249624_8-IFNAR2_8	0	0
chr21	3262560	3262716	IFNAR2_9	0	0
chr21	3262792	3263500	ENSG00000249624_9-IFNAR2_6-IFNAR2_8-IFNAR2_9	0	0
chr21	3266465	3266514	IL10RB_1	0	0
chr21	3268393	3268517	IL10RB_2	0	0
chr21	3276595	3276753	IL10RB_3	0	0
chr21	3279751	3279918	IL10RB_4	0	0
chr21	3283093	3283241	IL10RB_5	0	0
chr21	3288103	3288261	IL10RB_6	0	0
chr21	3296183	3296357	IL10RB_7	0	0
chr21	3325055	3325131	IFNAR1_1	0	0
chr21	3335523	3335647	IFNAR1_2	0	0
chr21	3340998	3341174	IFNAR1_3	0	0
chr21	3343267	3343422	IFNAR1_4	0	0
chr21	3343534	3343676	IFNAR1_5	0	0
chr21	3345245	3345360	IFNAR1_6	0	0
chr21	3348549	3348587	IFNAR1_6-IFNAR1_7	0	0
chr21	3349090	3349290	IFNAR1_7	0	0
chr21	3349388	3349543	IFNAR1_8	0	0
chr21	3352757	3352908	IFNAR1_9	0	0
chr21	3353637	3353783	IFNAR1_10	0	0
chr21	3355315	3355549	IFNAR1_11	0	0
chr21	3403543	3403616	IFNGR2_1	0	0
chr21	3410835	3410892	IFNGR2_2	0	0
chr21	3414887	3415020	IFNGR2_2-IFNGR2_3	0	0
chr21	3421479	3421685	IFNGR2_3-IFNGR2_4	0	0
chr21	3426883	3427032	IFNGR2_4-IFNGR2_5	0	0
chr21	3432176	3432336	IFNGR2_5-IFNGR2_6	0	0
chr21	3432713	3432871	IFNGR2_6-IFNGR2_7	0	0
chr21	3436827	3436962	IFNGR2_7-IFNGR2_8	0	0
chr21	3450817	3450863	TMEM50B_7	0	0
chr21	3455726	3455784	TMEM50B_6	0	0
chr21	3460412	3460505	TMEM50B_5	0	0
chr21	3465341	3465409	TMEM50B_4	0	0
chr21	3467009	3467122	TMEM50B_3	0	0
chr21	3468786	3468885	TMEM50B_2	0	0
chr21	3488226	3489393	DNAJC28_2	0	0
chr21	3504123	3504315	GART_22	0	0
chr21	3504411	3504527	GART_21	0	0
chr21	3505560	3505702	GART_20	0	0
chr21	3505973	3506104	GART_19	0	0
chr21	3509782	3509920	GART_18	0	0
chr21	3511251	3511458	GART_17	0	0
chr21	3516988	3517141	GART_16	0	0
chr21	3517356	3517608	GART_15	0	0
chr21	3520363	3520562	GART_14	0	0
chr21	3520905	3521015	GART_13	0	0
chr21	3522187	3522282	GART_12	0	0
chr21	3524764	3525000	GART_11	0	0
chr21	3528166	3528335	GART_10	0	0
chr21	3528518	3528604	GART_9	0	0
chr21	3528849	3528937	GART_8	0	0
chr21	3530758	3530884	GART_7	0	0
chr21	3531488	3531557	GART_6	0	0
chr21	3532344	3532456	GART_5	0	0
chr21	3534578	3534753	GART_4	0	0
chr21	3535224	3535320	GART_3	0	0
chr21	3539170	3539315	GART_2	0	0
chr21	3543092	3543169	SON_1	0	0
chr21	3546212	3546379	SON_2	0	0
chr21	3549475	3555391	SON_3	0	0
chr21	3557155	3557316	SON_3-SON_4	0	0
chr21	3557545	3557551	SON_5	0	0
chr21	3559229	3559376	SON_4-SON_5	0	0
chr21	3559586	3559775	SON_5-SON_6	0	0
chr21	3559876	3560131	SON_7	0	0
chr21	3567156	3567267	SON_6-SON_7	0	0
chr21	3568970	3569087	SON_7-SON_8	0	0
chr21	3573307	3573455	SON_8-SON_9	0	0
chr21	3575595	3575667	SON_10-SON_9	0	0
chr21	3575777	3575893	SON_10-SON_11	0	0
chr21	3576364	3576424	SON_11-SON_12	0	0
chr21	3578306	3578444	DONSON_10-DONSON_9	0	0
chr21	3579349	3579562	DONSON_9	0	0
chr21	3581301	3581500	DONSON_8	0	0
chr21	3581950	3582055	DONSON_7	0	0
chr21	3582164	3582246	DONSON_6	0	0
chr21	3583487	3583666	DONSON_5	0	0
chr21	3584589	3584768	DONSON_4-ENSG00000249209_8	0	0
chr21	3585977	3586181	DONSON_3-ENSG00000249209_7	0	0
chr21	3587521	3587602	DONSON_2	0	0
chr21	3588320	3588641	DONSON_1	0	0
chr21	3589790	3589921	CRYZL1_12-CRYZL1_13-CRYZL1_7	0	0
chr21	3591161	3591211	CRYZL1_11-CRYZL1_12	0	0
chr21	3595612	3595614	CRYZL1_13	0	0
chr21	3595730	3595836	CRYZL1_10-CRYZL1_11-CRYZL1_12	0	0
chr21	3597279	3597401	CRYZL1_10-CRYZL1_11-CRYZL1_9	0	0
chr21	3599149	3599248	CRYZL1_10-CRYZL1_8-CRYZL1_9	0	0
chr21	3602233	3602345	CRYZL1_6-CRYZL1_7-CRYZL1_8-CRYZL1_9	0	0
chr21	3603403	3603537	CRYZL1_5-CRYZL1_6-CRYZL1_7-CRYZL1_8	0	0
chr21	3613537	3613606	CRYZL1_5-CRYZL1_6-CRYZL1_7	0	0
chr21	3616523	3616603	CRYZL1_6	0	0
chr21	3616705	3616750	CRYZL1_5-CRYZL1_6	0	0
chr21	3621995	3622068	CRYZL1_4-CRYZL1_5	0	0
chr21	3624682	3624760	CRYZL1_3-CRYZL1_4	0	0
chr21	3631485	3631557	CRYZL1_2-CRYZL1_3	0	0
chr21	3640179	3640188	CRYZL1_3	0	0
chr21	3641178	3641244	CRYZL1_2	0	0
chr21	3718828	3718856	ITSN1_1-ITSN1_2	0	0
chr21	3721177	3721270	ITSN1_2-ITSN1_3	0	0
chr21	3722587	3722651	ITSN1_3-ITSN1_4	0	0
chr21	3735043	3735204	ITSN1_4-ITSN1_5	0	0
chr21	3750142	3750322	ITSN1_1-ITSN1_5-ITSN1_6	0	0
chr21	3751809	3751906	ITSN1_2-ITSN1_6-ITSN1_7	0	0
chr21	3755296	3755397	ITSN1_3-ITSN1_7-ITSN1_8	0	0
chr21	3761922	3761986	ITSN1_4-ITSN1_8-ITSN1_9	0	0
chr21	3765874	3766012	ITSN1_10-ITSN1_5-ITSN1_9	0	0
chr21	3767712	3767828	ITSN1_10-ITSN1_11-ITSN1_6	0	0
chr21	3772038	3772058	ITSN1_7	0	0
chr21	3772060	3772323	ITSN1_11-ITSN1_12	0	0
chr21	3774728	3774878	ITSN1_12-ITSN1_13	0	0
chr21	3774967	3775108	ITSN1_13-ITSN1_14	0	0
chr21	3781460	3781548	ITSN1_14-ITSN1_15	0	0
chr21	3781993	3782133	ITSN1_15-ITSN1_16	0	0
chr21	3794340	3794468	ITSN1_16-ITSN1_17	0	0
chr21	3797378	3797608	ITSN1_17-ITSN1_18	0	0
chr21	3799807	3799929	ITSN1_18-ITSN1_19	0	0
chr21	3802429	3802444	ITSN1_20	0	0
chr21	3810974	3811222	ITSN1_19-ITSN1_20-ITSN1_21	0	0
chr21	3813912	3814072	ITSN1_20-ITSN1_21-ITSN1_22	0	0
chr21	3817230	3817581	ITSN1_21	0	0
chr21	3818266	3818472	ITSN1_22-ITSN1_23	0	0
chr21	3819240	3819323	ITSN1_22-ITSN1_23-ITSN1_24	0	0
chr21	3823486	3823653	ITSN1_24-ITSN1_25	0	0
chr21	3826817	3826863	ITSN1_25-ITSN1_26	0	0
chr21	3829623	3829745	ITSN1_24-ITSN1_25-ITSN1_26-ITSN1_27	0	0
chr21	3834306	3834424	ITSN1_25-ITSN1_26-ITSN1_27-ITSN1_28	0	0
chr21	3836440	3836632	ITSN1_26-ITSN1_27-ITSN1_28-ITSN1_29	0	0
chr21	3836986	3836988	ITSN1_27-ITSN1_28-ITSN1_29-ITSN1_30	0	0
chr21	3856735	3856857	ITSN1_29-ITSN1_30	0	0
chr21	3858685	3858792	ITSN1_30-ITSN1_31	0	0
chr21	3865150	3865334	ITSN1_31-ITSN1_32	0	0
chr21	3867232	3867331	ITSN1_32-ITSN1_33	0	0
chr21	3875353	3875521	ITSN1_33-ITSN1_34	0	0
chr21	3882242	3882455	ITSN1_34-ITSN1_35	0	0
chr21	3883549	3883671	ITSN1_35-ITSN1_36	0	0
chr21	3885040	3885123	ITSN1_36-ITSN1_37	0	0
chr21	3885438	3885522	ITSN1_37-ITSN1_38	0	0
chr21	3886286	3886460	ITSN1_38-ITSN1_39	0	0
chr21	3888151	3888300	ITSN1_39-ITSN1_40	0	0
chr21	3903525	3903639	ATP5PO_7	0	0
chr21	3903934	3904021	ATP5PO_6	0	0
chr21	3907340	3907453	ATP5PO_5-ENSG00000249209_6	0	0
chr21	3909081	3909211	ATP5PO_4-ENSG00000249209_5	0	0
chr21	3912288	3912399	ATP5PO_3-ENSG00000249209_4	0	0
chr21	3914449	3914500	ATP5PO_2-ENSG00000249209_3	0	0
chr21	3915727	3915763	ATP5PO_1-ENSG00000249209_2	0	0
chr21	4073700	4073745	MRPS6_1	0	0
chr21	4095198	4097355	SLC5A3_2	0	0
chr21	4125340	4125480	MRPS6_2	0	0
chr21	4142407	4142600	MRPS6_3	0	0
chr21	4370478	4370850	KCNE2_2	0	0
chr21	4379504	4379516	SMIM11A_2	0	0
chr21	4385477	4385642	SMIM11A_3	0	0
chr21	4399710	4399899	SMIM11A_3	0	0
chr21	4400316	4401072	FAM243A_1	0	0
chr21	4402090	4402096	SMIM11A_4	0	0
chr21	4419217	4419630	SMIM34A_2	0	0
chr21	4423832	4423839	SMIM34A_1	0	0
chr21	4449244	4449634	KCNE1_2-KCNE1_3-KCNE1_4	0	0
chr21	4512195	4512218	ENSG00000288711_4	0	0
chr21	4518083	4518256	RCAN1_3-RCAN1_4-RCAN1_5	0	0
chr21	4521301	4521658	ENSG00000288711_3-RCAN1_2-RCAN1_3-RCAN1_4	0	0
chr21	4523536	4523710	ENSG00000288711_2-RCAN1_1-RCAN1_2-RCAN1_3	0	0
chr21	4525087	4525414	RCAN1_1-RCAN1_2	0	0
chr21	4526662	4526749	RCAN1_1	0	0
chr21	4613786	4613795	RCAN1_1	0	0
chr21	4614759	4615011	ENSG00000288711_1-RCAN1_1	0	0
chr21	4669388	4670762	CLIC6_1	0	0
chr21	4706026	4706080	CLIC6_2	0	0
chr21	4707279	4707389	CLIC6_2-CLIC6_3	0	0
chr21	4707943	4708069	CLIC6_3-CLIC6_4	0	0
chr21	4708699	4708806	CLIC6_4-CLIC6_5	0	0
chr21	4709356	4709538	CLIC6_5-CLIC6_6	0	0
chr21	4716320	4716482	CLIC6_6-CLIC6_7	0	0
chr21	4792134	4792610	RUNX1_5-RUNX1_6-RUNX1_8-RUNX1_9	0	0
chr21	4799300	4799462	RUNX1_4-RUNX1_5-RUNX1_7-RUNX1_8	0	0
chr21	4821667	4821696	RUNX1_5	0	0
chr21	4834409	4834601	RUNX1_4-RUNX1_6-RUNX1_7	0	0
chr21	4859473	4859578	RUNX1_3-RUNX1_5-RUNX1_6	0	0
chr21	4880556	4880713	RUNX1_2-RUNX1_4-RUNX1_5	0	0
chr21	4886842	4887112	RUNX1_1-RUNX1_3-RUNX1_4	0	0
chr21	4892924	4892963	RUNX1_2-RUNX1_3	0	0
chr21	5048841	5048899	RUNX1_1-RUNX1_2	0	0
chr21	6036116	6036251	SETD4_10-SETD4_11-SETD4_12	0	0
chr21	6038149	6038273	SETD4_10-SETD4_11-SETD4_9	0	0
chr21	6040574	6040655	SETD4_10-SETD4_8-SETD4_9	0	0
chr21	6041806	6041888	SETD4_7-SETD4_8-SETD4_9	0	0
chr21	6043758	6043956	SETD4_6-SETD4_7-SETD4_8	0	0
chr21	6045581	6046011	SETD4_5-SETD4_6-SETD4_7	0	0
chr21	6048307	6048396	SETD4_4-SETD4_5-SETD4_6	0	0
chr21	6053582	6053620	SETD4_3-SETD4_4-SETD4_5	0	0
chr21	6057108	6057204	SETD4_2-SETD4_3-SETD4_4	0	0
chr21	6057383	6057384	SETD4_3	0	0
chr21	6058815	6058888	SETD4_1-SETD4_2	0	0
chr21	6070115	6070404	CBR1_1	0	0
chr21	6070949	6071197	CBR1_2	0	0
chr21	6071814	6071939	CBR1_3	0	0
chr21	6072173	6072882	CBR1_3	0	0
chr21	6135192	6135481	CBR3_1	0	0
chr21	6137824	6137932	CBR3_2	0	0
chr21	6146075	6146512	CBR3_3	0	0
chr21	6164733	6164871	DOP1B_2	0	0
chr21	6199069	6199251	DOP1B_3	0	0
chr21	6200330	6200501	DOP1B_4	15951	186
chr21	6208714	6208904	DOP1B_5	22533	236
chr21	6211552	6211651	DOP1B_6	9295	139
chr21	6211973	6212097	DOP1B_7	12915	156
chr21	6214080	6214190	DOP1B_8	6963	95
chr21	6214441	6214556	DOP1B_9	10030	140
chr21	6219371	6219492	DOP1B_10	9072	118
chr21	6223230	6223350	DOP1B_11	9377	117
chr21	6225564	6225667	DOP1B_12	10480	150
chr21	6227685	6227877	DOP1B_13	20331	218
chr21	6230449	6231134	DOP1B_14	67484	530
chr21	6232803	6233075	DOP1B_15	31453	284
chr21	6237261	6237414	DOP1B_16	12950	140
chr21	6238600	6238701	DOP1B_17	9478	131
chr21	6239764	6239955	DOP1B_18	16903	181
chr21	6245047	6246677	DOP1B_19	175262	1301
chr21	6247516	6247628	DOP1B_20	7021	96
chr21	6248379	6248568	DOP1B_21	17872	181
chr21	6251161	6251284	DOP1B_22	10317	126
chr21	6253771	6253909	DOP1B_23	15598	187
chr21	6260676	6260732	DOP1B_24	4453	100
chr21	6263545	6263650	DOP1B_25	8370	142
chr21	6263747	6263814	DOP1B_26	6827	140
chr21	6270012	6270157	DOP1B_27	16450	185
chr21	6277020	6277100	DOP1B_28	5754	96
chr21	6277974	6278084	DOP1B_29	11058	151
chr21	6278208	6278355	DOP1B_30	10668	131
chr21	6280284	6280346	DOP1B_31	5878	130
chr21	6281482	6281611	DOP1B_32	12732	151
chr21	6288013	6288150	DOP1B_33	9684	105
chr21	6288755	6288811	DOP1B_34	5162	125
chr21	6289044	6289206	DOP1B_35	13670	143
chr21	6292103	6292233	DOP1B_36	7353	90
chr21	6293319	6293571	DOP1B_37	24463	234
chr21	6320264	6320303	MORC3_1	0	0
chr21	6333645	6333718	MORC3_2	0	0
chr21	6336873	6337006	MORC3_3	0	0
chr21	6337731	6337946	MORC3_4	0	0
chr21	6338773	6338921	MORC3_5	0	0
chr21	6341398	6341546	MORC3_6	0	0
chr21	6344578	6344707	MORC3_7	0	0
chr21	6344911	6345031	MORC3_8	0	0
chr21	6349310	6349408	MORC3_9	0	0
chr21	6356619	6356724	MORC3_10	0	0
chr21	6359954	6360077	MORC3_11	0	0
chr21	6360183	6360258	MORC3_12	0	0
chr21	6362182	6362228	MORC3_13	0	0
chr21	6364092	6364259	MORC3_14	0	0
chr21	6368987	6369876	MORC3_15	0	0
chr21	6372373	6372531	MORC3_16	0	0
chr21	6375142	6375296	MORC3_17	0	0
chr21	6386136	6386262	CHAF1B_2	0	0
chr21	6387597	6387730	CHAF1B_3	0	0
chr21	6391550	6391668	CHAF1B_4	0	0
chr21	6394546	6394650	CHAF1B_5	0	0
chr21	6397414	6397511	CHAF1B_6	0	0
chr21	6399520	6399605	CHAF1B_7	0	0
chr21	6402757	6402851	CHAF1B_8	0	0
chr21	6408760	6408830	CHAF1B_9	0	0
chr21	6409373	6409465	CHAF1B_10	0	0
chr21	6411462	6411604	CHAF1B_11	0	0
chr21	6412883	6413315	CHAF1B_12	0	0
chr21	6415294	6415389	CHAF1B_13	0	0
chr21	6416274	6416366	CHAF1B_14	0	0
chr21	6460975	6461695	CLDN14_2-CLDN14_3	0	0
chr21	6699746	6699921	SIM2_1	0	0
chr21	6709167	6709250	SIM2_2	0	0
chr21	6712532	6712622	SIM2_3	0	0
chr21	6719820	6719929	SIM2_4	0	0
chr21	6723044	6723130	SIM2_5	0	0
chr21	6726118	6726318	SIM2_6	0	0
chr21	6731044	6731151	SIM2_7	0	0
chr21	6741716	6741864	SIM2_8	0	0
chr21	6743386	6743555	SIM2_9	0	0
chr21	6744727	6745136	SIM2_10	0	0
chr21	6747664	6748092	SIM2_11	0	0
chr21	6754245	6754417	HLCS_11-HLCS_12	0	0
chr21	6756541	6756755	HLCS_10-HLCS_11	0	0
chr21	6759726	6759841	HLCS_10-HLCS_9	0	0
chr21	6765011	6765172	HLCS_8-HLCS_9	0	0
chr21	6767217	6767285	HLCS_7-HLCS_8	0	0
chr21	6896859	6897131	HLCS_6-HLCS_7	0	0
chr21	6930250	6930433	HLCS_5-HLCS_6	0	0
chr21	6936448	6937392	HLCS_4-HLCS_5	0	0
chr21	6938831	6938994	HLCS_3-HLCS_4	0	0
chr21	6962035	6962170	HLCS_2	0	0
chr21	6966443	6966638	HLCS_1	0	0
chr21	7006772	7006876	RIPPLY3_1	0	0
chr21	7008156	7008223	RIPPLY3_2	0	0
chr21	7013550	7013618	RIPPLY3_3	0	0
chr21	7017873	7018207	RIPPLY3_4	0	0
chr21	7065581	7065712	PIGP_4-PIGP_5-PIGP_6	0	0
chr21	7067261	7067380	PIGP_3-PIGP_4-PIGP_5	0	0
chr21	7069551	7069624	PIGP_2-PIGP_3-PIGP_4	0	0
chr21	7072144	7072148	PIGP_3	0	0
chr21	7072433	7072587	PIGP_1-PIGP_2	0	0
chr21	7087257	7087401	TTC3_1-TTC3_2	0	0
chr21	7087832	7087875	TTC3_2-TTC3_3	0	0
chr21	7088195	7088346	TTC3_3-TTC3_4	0	0
chr21	7088798	7088886	TTC3_4-TTC3_5	0	0
chr21	7090232	7090286	TTC3_5-TTC3_6	0	0
chr21	7091292	7091413	TTC3_6-TTC3_7	0	0
chr21	7094004	7094090	TTC3_7-TTC3_8	0	0
chr21	7095349	7095444	TTC3_8-TTC3_9	0	0
chr21	7096580	7096643	TTC3_10-TTC3_9	0	0
chr21	7097914	7097972	TTC3_11	0	0
chr21	7108391	7108446	TTC3_10-TTC3_11	0	0
chr21	7121816	7121979	TTC3_11-TTC3_12-TTC3_3	0	0
chr21	7122982	7123028	TTC3_12-TTC3_13-TTC3_4	0	0
chr21	7124618	7124742	TTC3_13-TTC3_14-TTC3_5	0	0
chr21	7126079	7126143	TTC3_14-TTC3_15-TTC3_6	0	0
chr21	7129002	7129063	TTC3_15-TTC3_16-TTC3_7	0	0
chr21	7132681	7132766	TTC3_16-TTC3_17-TTC3_8	0	0
chr21	7135379	7135514	TTC3_17-TTC3_18-TTC3_9	0	0
chr21	7138633	7138714	TTC3_10-TTC3_18-TTC3_19	0	0
chr21	7140560	7140673	TTC3_11-TTC3_19-TTC3_20	0	0
chr21	7144524	7144645	TTC3_12-TTC3_20-TTC3_21	0	0
chr21	7147480	7147603	TTC3_13-TTC3_21-TTC3_22	0	0
chr21	7148545	7148647	TTC3_14-TTC3_22-TTC3_23	0	0
chr21	7150077	7150170	TTC3_15-TTC3_23-TTC3_24	0	0
chr21	7150819	7150884	TTC3_16-TTC3_24-TTC3_25	0	0
chr21	7151892	7152029	TTC3_17-TTC3_25-TTC3_26	0	0
chr21	7152950	7153306	TTC3_18-TTC3_26-TTC3_27	0	0
chr21	7156654	7156906	TTC3_27-TTC3_28	0	0
chr21	7159698	7159745	TTC3_28-TTC3_29	0	0
chr21	7160801	7160858	TTC3_29-TTC3_30	0	0
chr21	7161989	7162063	TTC3_30-TTC3_31	0	0
chr21	7164050	7164215	TTC3_31-TTC3_32	0	0
chr21	7165549	7166615	TTC3_32-TTC3_33	0	0
chr21	7167554	7167620	TTC3_33-TTC3_34	0	0
chr21	7172594	7172744	TTC3_34-TTC3_35	0	0
chr21	7182773	7182913	TTC3_35-TTC3_36	0	0
chr21	7185705	7185774	TTC3_36-TTC3_37	0	0
chr21	7187048	7187145	TTC3_37-TTC3_38	0	0
chr21	7188494	7188595	TTC3_38-TTC3_39	0	0
chr21	7191333	7191424	TTC3_39-TTC3_40	0	0
chr21	7192111	7192213	TTC3_40-TTC3_41	0	0
chr21	7195674	7196036	TTC3_41-TTC3_42	0	0
chr21	7197569	7197696	TTC3_42-TTC3_43	0	0
chr21	7197881	7198025	TTC3_43-TTC3_44	0	0
chr21	7200231	7200324	TTC3_44-TTC3_45	0	0
chr21	7201439	7201574	TTC3_45-TTC3_46	0	0
chr21	7225543	7225626	VPS26C_5-VPS26C_7-VPS26C_8	0	0
chr21	7227653	7227806	VPS26C_4-VPS26C_6-VPS26C_7	0	0
chr21	7228222	7228373	VPS26C_3-VPS26C_5-VPS26C_6	0	0
chr21	7232376	7232451	VPS26C_2-VPS26C_4-VPS26C_5	0	0
chr21	7233361	7233442	VPS26C_3-VPS26C_4	0	0
chr21	7238459	7238609	VPS26C_2-VPS26C_3	0	0
chr21	7240495	7240639	VPS26C_2	0	0
chr21	7267237	7267294	VPS26C_1	0	0
chr21	7420374	7420384	DYRK1A_1-DYRK1A_2-DYRK1A_3	0	0
chr21	7472683	7472880	DYRK1A_2-DYRK1A_3-DYRK1A_4	0	0
chr21	7478180	7478300	DYRK1A_3-DYRK1A_4-DYRK1A_5	0	0
chr21	7480637	7480826	DYRK1A_4-DYRK1A_5-DYRK1A_6	0	0
chr21	7486466	7486614	DYRK1A_5-DYRK1A_6-DYRK1A_7	0	0
chr21	7490174	7490461	DYRK1A_6-DYRK1A_7-DYRK1A_8	0	0
chr21	7493016	7493163	DYRK1A_7-DYRK1A_8-DYRK1A_9	0	0
chr21	7496117	7496258	DYRK1A_10-DYRK1A_8-DYRK1A_9	0	0
chr21	7505282	7505589	DYRK1A_10-DYRK1A_11-DYRK1A_9	0	0
chr21	7506098	7506307	DYRK1A_10-DYRK1A_11-DYRK1A_12	0	0
chr21	7511910	7512531	DYRK1A_10-DYRK1A_11-DYRK1A_12-DYRK1A_13	0	0
chr21	7625158	7625484	KCNJ6_4-KCNJ6_5	0	0
chr21	7714210	7715131	KCNJ6_3-KCNJ6_4	0	0
chr21	7840657	7840682	KCNJ6_2-KCNJ6_3	0	0
chr21	8299261	8300389	KCNJ15_3-KCNJ15_4-KCNJ15_5	0	0
chr21	8383402	8383923	ERG_10-ERG_11-ERG_12-ERG_9	0	0
chr21	8390994	8391042	ERG_10-ERG_11-ERG_8-ERG_9	0	0
chr21	8391658	8391715	ERG_10-ERG_7-ERG_8-ERG_9	0	0
chr21	8392375	8392444	ERG_6-ERG_7-ERG_8-ERG_9	0	0
chr21	8400573	8400645	ERG_5-ERG_6-ERG_8	0	0
chr21	8402556	8402637	ERG_4-ERG_5-ERG_6-ERG_7	0	0
chr21	8403505	8403709	ERG_3-ERG_4-ERG_5-ERG_6	0	0
chr21	8423409	8423561	ERG_2-ERG_3-ERG_4-ERG_5	0	0
chr21	8445403	8445621	ERG_2-ERG_3-ERG_4	0	0
chr21	8498362	8498380	ERG_1	0	0
chr21	8575661	8575700	ERG_2-ERG_3	0	0
chr21	8810034	8810106	ETS2_2-ETS2_3	0	0
chr21	8813002	8813114	ETS2_3-ETS2_4	0	0
chr21	8814272	8814392	ETS2_4-ETS2_5	0	0
chr21	8814780	8814981	ETS2_5-ETS2_6	0	0
chr21	8817007	8817091	ETS2_6-ETS2_7	0	0
chr21	8818424	8818646	ETS2_7-ETS2_8	0	0
chr21	8819502	8819871	ETS2_8-ETS2_9	0	0
chr21	8821585	8821704	ETS2_10-ETS2_9	0	0
chr21	8822673	8822889	ETS2_10-ETS2_11	0	0
chr21	9175589	9175664	PSMG1_6-PSMG1_7	0	0
chr21	9177434	9177571	PSMG1_5-PSMG1_6	0	0
chr21	9178448	9178647	PSMG1_4-PSMG1_5	0	0
chr21	9179923	9179986	PSMG1_4	0	0
chr21	9180284	9180436	PSMG1_3	0	0
chr21	9181771	9181878	PSMG1_2	0	0
chr21	9183251	9183385	PSMG1_1	0	0
chr21	9187025	9187417	BRWD1_42	0	0
chr21	9194722	9194751	BRWD1_42	0	0
chr21	9196258	9197415	BRWD1_41	0	0
chr21	9198762	9199662	BRWD1_40	0	0
chr21	9200218	9200386	BRWD1_39	0	0
chr21	9202324	9202545	BRWD1_38	0	0
chr21	9206107	9206274	BRWD1_37	0	0
chr21	9209994	9210147	BRWD1_36	0	0
chr21	9210785	9210929	BRWD1_35	0	0
chr21	9212665	9212707	BRWD1_34	0	0
chr21	9213480	9213553	BRWD1_33	0	0
chr21	9215236	9215362	BRWD1_32	0	0
chr21	9218151	9218272	BRWD1_31	0	0
chr21	9218504	9218660	BRWD1_30	0	0
chr21	9224407	9224469	BRWD1_29	0	0
chr21	9225085	9225197	BRWD1_28	0	0
chr21	9228499	9228582	BRWD1_27	0	0
chr21	9229311	9229436	BRWD1_26	0	0
chr21	9232176	9232284	BRWD1_25	0	0
chr21	9232372	9232498	BRWD1_24	0	0
chr21	9236594	9236784	BRWD1_23	0	0
chr21	9238478	9238573	BRWD1_22	0	0
chr21	9247700	9247832	BRWD1_21	0	0
chr21	9250795	9250889	BRWD1_20	0	0
chr21	9255644	9255828	BRWD1_19	0	0
chr21	9258486	9258672	BRWD1_18	0	0
chr21	9264459	9264685	BRWD1_17	0	0
chr21	9264890	9265019	BRWD1_16	0	0
chr21	9269898	9270033	BRWD1_15	0	0
chr21	9270282	9270433	BRWD1_14	0	0
chr21	9274373	9274472	BRWD1_13	0	0
chr21	9276172	9276213	BRWD1_12	0	0
chr21	9277250	9277351	BRWD1_11	0	0
chr21	9278742	9278813	BRWD1_10	0	0
chr21	9280147	9280248	BRWD1_9	0	0
chr21	9293810	9294032	BRWD1_8	0	0
chr21	9295742	9295903	BRWD1_7	0	0
chr21	9296264	9296363	BRWD1_6	0	0
chr21	9298417	9298582	BRWD1_5	0	0
chr21	9312840	9312900	BRWD1_4	0	0
chr21	9313071	9313101	BRWD1_3	0	0
chr21	9313240	9313299	BRWD1_2	0	0
chr21	9313442	9313491	BRWD1_1	0	0
chr21	9343111	9343159	HMGN1_5-HMGN1_6	0	0
chr21	9345145	9345274	HMGN1_4-HMGN1_5	0	0
chr21	9348291	9348339	HMGN1_3-HMGN1_4	0	0
chr21	9348421	9348451	HMGN1_3	0	0
chr21	9348544	9348577	HMGN1_2	0	0
chr21	9348902	9348917	HMGN1_1	0	0
chr21	9349459	9349522	HMGN1_1	0	0
chr21	9380384	9380486	GET1-SH3BGR_1-GET1_1	0	0
chr21	9390697	9390863	GET1-SH3BGR_2-GET1_2	0	0
chr21	9391768	9391836	GET1-SH3BGR_3-GET1_3	0	0
chr21	9393165	9393280	GET1_3-GET1_4	0	0
chr21	9396865	9396939	GET1_4-GET1_5	0	0
chr21	9405881	9406612	GET1_5-LCA5L_10-LCA5L_11-LCA5L_7	0	0
chr21	9409978	9410096	LCA5L_10-LCA5L_6-LCA5L_9	0	0
chr21	9410263	9410367	LCA5L_5-LCA5L_8-LCA5L_9	0	0
chr21	9411717	9411802	LCA5L_4-LCA5L_7-LCA5L_8	0	0
chr21	9420705	9420843	LCA5L_3-LCA5L_6-LCA5L_7	0	0
chr21	9422945	9423490	LCA5L_2-LCA5L_5-LCA5L_6	0	0
chr21	9428171	9428493	LCA5L_1-LCA5L_4-LCA5L_5	0	0
chr21	9452096	9452141	SH3BGR_1	0	0
chr21	9462374	9462560	GET1-SH3BGR_4-SH3BGR_2	0	0
chr21	9475134	9475215	GET1-SH3BGR_5-SH3BGR_3	0	0
chr21	9499822	9499915	GET1-SH3BGR_6-SH3BGR_4	0	0
chr21	9508997	9509027	GET1-SH3BGR_7-SH3BGR_4-SH3BGR_5	0	0
chr21	9511679	9511775	GET1-SH3BGR_8-SH3BGR_5-SH3BGR_6	0	0
chr21	9660559	9661492	B3GALT5_3-B3GALT5_4-B3GALT5_5	0	0
chr21	9745509	9745526	IGSF5_1	0	0
chr21	9746215	9746298	IGSF5_2	0	0
chr21	9765534	9765852	IGSF5_3	0	0
chr21	9770915	9771215	IGSF5_4	0	0
chr21	9779089	9779305	IGSF5_5	0	0
chr21	9788166	9788188	IGSF5_6	0	0
chr21	9792007	9792099	IGSF5_7	0	0
chr21	9793533	9793613	IGSF5_8	0	0
chr21	9801261	9801357	IGSF5_9	0	0
chr21	9867501	9867510	PCP4_1	0	0
chr21	9898475	9898527	PCP4_2	0	0
chr21	9928983	9929111	PCP4_3	0	0
